{"actions":[],"apps":[{"acl":{"app":[],"field":[],"record":[]},"app":null,"category":{"categories":[],"useCategory":"false"},"form":{"layout":"[{\"id\":null,\"type\":\"ROW\",\"isSubTable\":false,\"var\":null,\"label\":null,\"controlList\":[{\"isVirtical\":true,\"styleMap\":{\"width\":193},\"type\":\"SINGLE_LINE_TEXT\",\"var\":\"customer_official_name\",\"label\":\"得意先正式名\"}]},{\"id\":null,\"type\":\"ROW\",\"isSubTable\":false,\"var\":null,\"label\":null,\"controlList\":[{\"isVirtical\":true,\"styleMap\":{\"width\":117},\"type\":\"DATE\",\"var\":\"order_date\",\"label\":\"受注日\"},{\"isVirtical\":true,\"styleMap\":{\"width\":193},\"type\":\"SINGLE_LINE_TEXT\",\"var\":\"order_date_yyyymmdd\",\"label\":\"受注日(YYYYMMDD形式)\"}]},{\"id\":null,\"type\":\"ROW\",\"isSubTable\":false,\"var\":null,\"label\":null,\"controlList\":[{\"isVirtical\":true,\"styleMap\":{\"width\":193},\"type\":\"DECIMAL\",\"var\":\"amount\",\"label\":\"金額\"}]},{\"id\":null,\"type\":\"ROW\",\"isSubTable\":false,\"var\":null,\"label\":null,\"controlList\":[{\"isVirtical\":true,\"styleMap\":{\"width\":196},\"type\":\"SINGLE_SELECT\",\"var\":\"is_all_customers\",\"label\":\"全得意先フラグ\"}]},{\"id\":null,\"type\":\"ROW\",\"isSubTable\":false,\"var\":null,\"label\":null,\"controlList\":[{\"isVirtical\":true,\"styleMap\":{},\"canvasData\":[{\"id\":null,\"type\":\"ROW\",\"isSubTable\":false,\"var\":null,\"label\":null,\"controlList\":[{\"isVirtical\":true,\"styleMap\":{\"width\":120},\"type\":\"RECORD_ID\",\"var\":\"レコード番号\",\"label\":\"レコード番号\"},{\"isVirtical\":true,\"styleMap\":{\"width\":136},\"type\":\"CREATOR\",\"var\":\"作成者\",\"label\":\"作成者\"},{\"isVirtical\":true,\"styleMap\":{\"width\":196},\"type\":\"CREATED_AT\",\"var\":\"作成日時\",\"label\":\"作成日時\"},{\"isVirtical\":true,\"styleMap\":{\"width\":136},\"type\":\"MODIFIER\",\"var\":\"更新者\",\"label\":\"更新者\"},{\"isVirtical\":true,\"styleMap\":{\"width\":196},\"type\":\"MODIFIED_AT\",\"var\":\"更新日時\",\"label\":\"更新日時\"}]}],\"type\":\"GROUP\",\"var\":\"レコード情報\",\"label\":\"レコード情報\"}]}]","revision":null},"iconMeta":null,"info":{"automaticallyChooseTitleComponent":"true","code":null,"decimalPrecision":"16","decimalScale":"4","description":"","enableBulkDeletion":"false","enableRecordReuse":"true","fiscalYearStartMonth":"4","iconKey":"APP48","iconType":"PRESET","jsFiles":null,"jsScope":"ALL","name":"実績データ","roundingMode":"HALF_EVEN","theme":"PLAIN","titleComponentLocalId":null,"useComment":"true","useHistory":"true","useInlineEditAndDelete":"true","useThumbnail":"true"},"jsFiles":[],"notification":{"appNotifications":[{"events":["RECORD_COMMENT_ADDED"],"target":{"entityId":"6436457","entityType":"FIELD_ENTITY","includeSubs":"false"}},{"events":["RECORD_COMMENT_ADDED"],"target":{"entityId":"6436458","entityType":"FIELD_ENTITY","includeSubs":"false"}}],"recordNotifications":[],"reminderTimezone":null,"reminders":[],"useComment":"true","useReminder":"false"},"plugins":[],"reports":[],"resource":{"tables":[{"rows":[{"fields":[],"objectId":"0","subObjectId":"-1"}],"type":"AppName"},{"rows":[{"fields":[],"objectId":"0","subObjectId":"-1"}],"type":"AppDescription"},{"rows":[{"fields":[],"objectId":"6436456","subObjectId":"-1"},{"fields":[],"objectId":"6436457","subObjectId":"-1"},{"fields":[],"objectId":"6436458","subObjectId":"-1"},{"fields":[],"objectId":"6436459","subObjectId":"-1"},{"fields":[],"objectId":"6436460","subObjectId":"-1"},{"fields":[],"objectId":"6436461","subObjectId":"-1"},{"fields":[],"objectId":"6436462","subObjectId":"-1"},{"fields":[],"objectId":"6436463","subObjectId":"-1"},{"fields":[],"objectId":"6436465","subObjectId":"-1"},{"fields":[],"objectId":"6436466","subObjectId":"-1"},{"fields":[],"objectId":"6436467","subObjectId":"-1"},{"fields":[],"objectId":"6436506","subObjectId":"-1"},{"fields":[],"objectId":"6436544","subObjectId":"-1"},{"fields":[],"objectId":"6436544","subObjectId":"6436542"},{"fields":[],"objectId":"6436544","subObjectId":"6436543"}],"type":"FieldLabel"},{"rows":[{"fields":[],"objectId":"8222457","subObjectId":"-1"},{"fields":[],"objectId":"20","subObjectId":"-1"}],"type":"ViewName"},{"rows":[],"type":"CategoryName"}]},"schema":{"groups":[{"childLocalId":"6436456","vtComponentLocalId":"8222456"},{"childLocalId":"6436457","vtComponentLocalId":"8222456"},{"childLocalId":"6436458","vtComponentLocalId":"8222456"},{"childLocalId":"6436459","vtComponentLocalId":"8222456"},{"childLocalId":"6436460","vtComponentLocalId":"8222456"}],"revision":null,"subTable":{},"table":{"fieldList":{"6436456":{"id":"6436456","label":"レコード番号","properties":{"noLabel":"false","required":"true"},"type":"RECORD_ID","var":"レコード番号"},"6436457":{"id":"6436457","label":"更新者","properties":{"noLabel":"false","required":"true"},"type":"MODIFIER","var":"更新者"},"6436458":{"id":"6436458","label":"作成者","properties":{"noLabel":"false","required":"true"},"type":"CREATOR","var":"作成者"},"6436459":{"id":"6436459","label":"更新日時","properties":{"noLabel":"false","required":"true"},"type":"MODIFIED_AT","var":"更新日時"},"6436460":{"id":"6436460","label":"作成日時","properties":{"noLabel":"false","required":"true"},"type":"CREATED_AT","var":"作成日時"},"6436461":{"id":"6436461","label":"ステータス","properties":{"noLabel":"false","required":"false"},"type":"STATUS","var":"ステータス"},"6436462":{"id":"6436462","label":"作業者","properties":{"noLabel":"false","required":"false"},"type":"STATUS_ASSIGNEE","var":"作業者"},"6436463":{"id":"6436463","label":"カテゴリー","properties":{"noLabel":"false","required":"false"},"type":"CATEGORY","var":"カテゴリー"},"6436465":{"id":"6436465","label":"得意先正式名","properties":{"defaultValue":"","expression":"","hideExpression":"false","max":null,"min":null,"noLabel":"false","required":"false","unique":"false"},"type":"SINGLE_LINE_TEXT","var":"customer_official_name"},"6436466":{"id":"6436466","label":"受注日","properties":{"defaultExpression":null,"defaultValue":null,"noLabel":"false","required":"true","unique":"false"},"type":"DATE","var":"order_date"},"6436467":{"id":"6436467","label":"金額","properties":{"defaultValue":null,"digit":"true","displayScale":null,"max":null,"min":null,"noLabel":"false","required":"true","roundingMode":null,"scale":null,"unique":"false","unit":"","unitPosition":"BEFORE"},"type":"DECIMAL","var":"amount"},"6436506":{"id":"6436506","label":"受注日(YYYYMMDD形式)","properties":{"defaultValue":"","expression":"DATE_FORMAT(order_date, \"YYYYMMdd\", \"Asia/Tokyo\")","hideExpression":"true","max":null,"min":null,"noLabel":"false","required":"false","unique":"false"},"type":"SINGLE_LINE_TEXT","var":"order_date_yyyymmdd"},"6436544":{"id":"6436544","label":"全得意先フラグ","properties":{"defaultValue":"6436542","noLabel":"false","options":[{"id":"6436542","label":"0","valid":true},{"id":"6436543","label":"1","valid":true}],"required":"false"},"type":"SINGLE_SELECT","var":"is_all_customers"},"8222456":{"id":"8222456","label":"レコード情報","properties":{"noLabel":"false","open":"false","required":"false"},"type":"GROUP","var":"レコード情報"}},"id":"1","label":"__ROOT__","properties":null,"var":"__ROOT__"}},"settingsNotesForm":{"content":null,"willBeInherited":null},"status":{"actions":[],"filters":[],"initialStateId":null,"states":[],"useStatus":"false"},"uuid":"e30e18f0-2e33-447f-a0be-953c084e4fde","views":[{"advancedMode":"false","builtinType":null,"device":null,"fields":[{"row":[{"columnWidth":null,"id":"6436465"},{"columnWidth":null,"id":"6436466"},{"columnWidth":null,"id":"6436467"}]}],"filter":{"category":null,"offset":null,"order":["DESC"],"q":null,"size":null,"sort":["f6436456"]},"html":null,"keyFieldId":null,"name":"一覧","pager":null,"revision":null,"titleFieldId":null,"view":"8222457","viewType":"LIST"},{"advancedMode":null,"builtinType":"ALL","device":null,"fields":[{"row":[{"columnWidth":null,"id":"6436456"},{"columnWidth":null,"id":"6436465"},{"columnWidth":null,"id":"6436466"},{"columnWidth":null,"id":"6436467"},{"columnWidth":null,"id":"6436506"},{"columnWidth":null,"id":"6436544"}]}],"filter":{"category":null,"offset":null,"order":[],"q":null,"size":null,"sort":[]},"html":null,"keyFieldId":null,"name":"（すべて）","pager":null,"revision":null,"titleFieldId":null,"view":"20","viewType":"LIST"}]},{"acl":{"app":[],"field":[],"record":[]},"app":null,"category":{"categories":[],"useCategory":"false"},"form":{"layout":"[{\"id\":null,\"type\":\"ROW\",\"isSubTable\":false,\"var\":null,\"label\":null,\"controlList\":[{\"isVirtical\":true,\"styleMap\":{\"width\":476},\"type\":\"SINGLE_LINE_TEXT\",\"var\":\"customer_id\",\"label\":\"ID\"},{\"isVirtical\":true,\"styleMap\":{\"width\":409},\"type\":\"SINGLE_LINE_TEXT\",\"var\":\"customer_official_name\",\"label\":\"得意先名\"}]},{\"id\":null,\"type\":\"ROW\",\"isSubTable\":false,\"var\":null,\"label\":null,\"controlList\":[{\"isVirtical\":true,\"styleMap\":{},\"type\":\"REFERENCE_TABLE\",\"var\":\"受注予測\",\"label\":\"受注予測\"}]},{\"id\":null,\"type\":\"ROW\",\"isSubTable\":false,\"var\":null,\"label\":null,\"controlList\":[{\"isVirtical\":true,\"styleMap\":{},\"type\":\"REFERENCE_TABLE\",\"var\":\"実績データ\",\"label\":\"実績データ\"}]},{\"id\":null,\"type\":\"ROW\",\"isSubTable\":false,\"var\":null,\"label\":null,\"controlList\":[{\"isVirtical\":true,\"styleMap\":{},\"canvasData\":[{\"id\":null,\"type\":\"ROW\",\"isSubTable\":false,\"var\":null,\"label\":null,\"controlList\":[{\"isVirtical\":true,\"styleMap\":{\"width\":120},\"type\":\"RECORD_ID\",\"var\":\"レコード番号\",\"label\":\"レコード番号\"},{\"isVirtical\":true,\"styleMap\":{\"width\":136},\"type\":\"CREATOR\",\"var\":\"作成者\",\"label\":\"作成者\"},{\"isVirtical\":true,\"styleMap\":{\"width\":196},\"type\":\"CREATED_AT\",\"var\":\"作成日時\",\"label\":\"作成日時\"},{\"isVirtical\":true,\"styleMap\":{\"width\":136},\"type\":\"MODIFIER\",\"var\":\"更新者\",\"label\":\"更新者\"},{\"isVirtical\":true,\"styleMap\":{\"width\":196},\"type\":\"MODIFIED_AT\",\"var\":\"更新日時\",\"label\":\"更新日時\"}]}],\"type\":\"GROUP\",\"var\":\"レコード情報\",\"label\":\"レコード情報\"}]}]","revision":null},"iconMeta":null,"info":{"automaticallyChooseTitleComponent":"true","code":null,"decimalPrecision":"16","decimalScale":"4","description":"\u003Cdiv\u003E\u003Cb\u003E\u003Cfont size=\"4\" color=\"#ff0000\"\u003E受注予測対象の\u003C/font\u003E\u003C/b\u003E\u003Cb\u003E\u003Cfont size=\"4\" color=\"#ff0000\"\u003E得意先を登録してください。\u003C/font\u003E\u003C/b\u003E\u003C/div\u003E\u003Cdiv\u003E\u003Cb\u003E\u003Cfont size=\"4\" color=\"#ff0000\"\u003E※\u003C/font\u003E\u003Cspan style=\"color:rgb( 255 , 0 , 0 );font-size:large\"\u003E登録できる得意先は \u003Cu\u003E20社まで\u003C/u\u003E です。\u003C/span\u003E\u003C/b\u003E\u003C/div\u003E","enableBulkDeletion":"true","enableRecordReuse":"true","fiscalYearStartMonth":"4","iconKey":"APP64","iconType":"PRESET","jsFiles":null,"jsScope":"ALL","name":"受注予測対象得意先","roundingMode":"HALF_EVEN","theme":"PLAIN","titleComponentLocalId":null,"useComment":"true","useHistory":"true","useInlineEditAndDelete":"true","useThumbnail":"true"},"jsFiles":[],"notification":{"appNotifications":[{"events":["RECORD_COMMENT_ADDED"],"target":{"entityId":"6436974","entityType":"FIELD_ENTITY","includeSubs":"false"}},{"events":["RECORD_COMMENT_ADDED"],"target":{"entityId":"6436975","entityType":"FIELD_ENTITY","includeSubs":"false"}}],"recordNotifications":[],"reminderTimezone":null,"reminders":[],"useComment":"true","useReminder":"false"},"plugins":[],"reports":[],"resource":{"tables":[{"rows":[{"fields":[],"objectId":"0","subObjectId":"-1"}],"type":"AppName"},{"rows":[{"fields":[],"objectId":"0","subObjectId":"-1"}],"type":"AppDescription"},{"rows":[{"fields":[],"objectId":"6436973","subObjectId":"-1"},{"fields":[],"objectId":"6436974","subObjectId":"-1"},{"fields":[],"objectId":"6436975","subObjectId":"-1"},{"fields":[],"objectId":"6436976","subObjectId":"-1"},{"fields":[],"objectId":"6436977","subObjectId":"-1"},{"fields":[],"objectId":"6436978","subObjectId":"-1"},{"fields":[],"objectId":"6436979","subObjectId":"-1"},{"fields":[],"objectId":"6436980","subObjectId":"-1"},{"fields":[],"objectId":"6436981","subObjectId":"-1"},{"fields":[],"objectId":"6436982","subObjectId":"-1"},{"fields":[],"objectId":"8222459","subObjectId":"-1"},{"fields":[],"objectId":"8222462","subObjectId":"-1"}],"type":"FieldLabel"},{"rows":[{"fields":[],"objectId":"6436993","subObjectId":"-1"},{"fields":[],"objectId":"20","subObjectId":"-1"}],"type":"ViewName"},{"rows":[],"type":"CategoryName"}]},"schema":{"groups":[{"childLocalId":"6436973","vtComponentLocalId":"8222460"},{"childLocalId":"6436974","vtComponentLocalId":"8222460"},{"childLocalId":"6436975","vtComponentLocalId":"8222460"},{"childLocalId":"6436976","vtComponentLocalId":"8222460"},{"childLocalId":"6436977","vtComponentLocalId":"8222460"}],"revision":null,"subTable":{},"table":{"fieldList":{"6436973":{"id":"6436973","label":"レコード番号","properties":{"noLabel":"false","required":"true"},"type":"RECORD_ID","var":"レコード番号"},"6436974":{"id":"6436974","label":"更新者","properties":{"noLabel":"false","required":"true"},"type":"MODIFIER","var":"更新者"},"6436975":{"id":"6436975","label":"作成者","properties":{"noLabel":"false","required":"true"},"type":"CREATOR","var":"作成者"},"6436976":{"id":"6436976","label":"更新日時","properties":{"noLabel":"false","required":"true"},"type":"MODIFIED_AT","var":"更新日時"},"6436977":{"id":"6436977","label":"作成日時","properties":{"noLabel":"false","required":"true"},"type":"CREATED_AT","var":"作成日時"},"6436978":{"id":"6436978","label":"ステータス","properties":{"noLabel":"false","required":"false"},"type":"STATUS","var":"ステータス"},"6436979":{"id":"6436979","label":"作業者","properties":{"noLabel":"false","required":"false"},"type":"STATUS_ASSIGNEE","var":"作業者"},"6436980":{"id":"6436980","label":"カテゴリー","properties":{"noLabel":"false","required":"false"},"type":"CATEGORY","var":"カテゴリー"},"6436981":{"id":"6436981","label":"ID","properties":{"defaultValue":"","expression":"","hideExpression":"false","max":"64","min":null,"noLabel":"false","required":"true","unique":"true"},"type":"SINGLE_LINE_TEXT","var":"customer_id"},"6436982":{"id":"6436982","label":"得意先名","properties":{"defaultValue":"","expression":"","hideExpression":"false","max":"64","min":null,"noLabel":"false","required":"true","unique":"true"},"type":"SINGLE_LINE_TEXT","var":"customer_official_name"},"8222459":{"id":"8222459","label":"実績データ","properties":{"noLabel":"false","required":"false"},"type":"REFERENCE_TABLE","var":"実績データ"},"8222460":{"id":"8222460","label":"レコード情報","properties":{"noLabel":"false","open":"false","required":"false"},"type":"GROUP","var":"レコード情報"},"8222462":{"id":"8222462","label":"受注予測","properties":{"noLabel":"false","required":"false"},"type":"REFERENCE_TABLE","var":"受注予測"}},"id":"1","label":"__ROOT__","properties":null,"var":"__ROOT__"}},"settingsNotesForm":{"content":null,"willBeInherited":null},"status":{"actions":[],"filters":[],"initialStateId":null,"states":[],"useStatus":"false"},"uuid":"1db43d19-c69d-45fb-afb0-12f16dab5dd3","views":[{"advancedMode":"false","builtinType":null,"device":null,"fields":[{"row":[{"columnWidth":null,"id":"6436981"},{"columnWidth":null,"id":"6436982"},{"columnWidth":null,"id":"6436977"}]}],"filter":{"category":null,"offset":null,"order":["DESC"],"q":null,"size":null,"sort":["f6436973"]},"html":null,"keyFieldId":null,"name":"一覧","pager":null,"revision":null,"titleFieldId":null,"view":"6436993","viewType":"LIST"},{"advancedMode":null,"builtinType":"ALL","device":null,"fields":[{"row":[{"columnWidth":null,"id":"6436973"},{"columnWidth":null,"id":"6436981"},{"columnWidth":null,"id":"6436982"}]}],"filter":{"category":null,"offset":null,"order":[],"q":null,"size":null,"sort":[]},"html":null,"keyFieldId":null,"name":"（すべて）","pager":null,"revision":null,"titleFieldId":null,"view":"20","viewType":"LIST"}]},{"acl":{"app":[],"field":[],"record":[]},"app":null,"category":{"categories":[],"useCategory":"false"},"form":{"layout":"[{\"id\":null,\"type\":\"ROW\",\"isSubTable\":false,\"var\":null,\"label\":null,\"controlList\":[{\"isVirtical\":true,\"styleMap\":{\"width\":117},\"type\":\"DATE\",\"var\":\"forecast_date\",\"label\":\"予測日\"},{\"isVirtical\":true,\"styleMap\":{\"width\":193},\"type\":\"DECIMAL\",\"var\":\"forecast_amount\",\"label\":\"予測金額\"},{\"isVirtical\":true,\"styleMap\":{\"width\":193},\"type\":\"SINGLE_LINE_TEXT\",\"var\":\"forecast_category\",\"label\":\"予測区分\"}]},{\"id\":null,\"type\":\"ROW\",\"isSubTable\":false,\"var\":null,\"label\":null,\"controlList\":[{\"isVirtical\":true,\"styleMap\":{},\"canvasData\":[{\"id\":null,\"type\":\"ROW\",\"isSubTable\":false,\"var\":null,\"label\":null,\"controlList\":[{\"isVirtical\":true,\"styleMap\":{\"width\":120},\"type\":\"RECORD_ID\",\"var\":\"レコード番号\",\"label\":\"レコード番号\"},{\"isVirtical\":true,\"styleMap\":{\"width\":120},\"type\":\"CREATOR\",\"var\":\"作成者\",\"label\":\"作成者\"},{\"isVirtical\":true,\"styleMap\":{\"width\":196},\"type\":\"CREATED_AT\",\"var\":\"作成日時\",\"label\":\"作成日時\"},{\"isVirtical\":true,\"styleMap\":{\"width\":136},\"type\":\"MODIFIER\",\"var\":\"更新者\",\"label\":\"更新者\"},{\"isVirtical\":true,\"styleMap\":{\"width\":196},\"type\":\"MODIFIED_AT\",\"var\":\"更新日時\",\"label\":\"更新日時\"}]}],\"type\":\"GROUP\",\"var\":\"レコード情報\",\"label\":\"レコード情報\"}]}]","revision":null},"iconMeta":null,"info":{"automaticallyChooseTitleComponent":"true","code":null,"decimalPrecision":"16","decimalScale":"4","description":"\u003Cdiv\u003E\u003Cbr /\u003E\u003C/div\u003E","enableBulkDeletion":"true","enableRecordReuse":"true","fiscalYearStartMonth":"4","iconKey":"APP47","iconType":"PRESET","jsFiles":null,"jsScope":"ALL","name":"受注予測","roundingMode":"HALF_EVEN","theme":"PLAIN","titleComponentLocalId":null,"useComment":"true","useHistory":"true","useInlineEditAndDelete":"true","useThumbnail":"true"},"jsFiles":[],"notification":{"appNotifications":[{"events":["RECORD_COMMENT_ADDED"],"target":{"entityId":"6436518","entityType":"FIELD_ENTITY","includeSubs":"false"}},{"events":["RECORD_COMMENT_ADDED"],"target":{"entityId":"6436519","entityType":"FIELD_ENTITY","includeSubs":"false"}}],"recordNotifications":[],"reminderTimezone":null,"reminders":[],"useComment":"true","useReminder":"false"},"plugins":[{"enabled":"true","id":"ncbienlgnbijabeeimihnibkgcldnfnb"}],"reports":[],"resource":{"tables":[{"rows":[{"fields":[],"objectId":"0","subObjectId":"-1"}],"type":"AppName"},{"rows":[{"fields":[],"objectId":"0","subObjectId":"-1"}],"type":"AppDescription"},{"rows":[{"fields":[],"objectId":"6436517","subObjectId":"-1"},{"fields":[],"objectId":"6436518","subObjectId":"-1"},{"fields":[],"objectId":"6436519","subObjectId":"-1"},{"fields":[],"objectId":"6436520","subObjectId":"-1"},{"fields":[],"objectId":"6436521","subObjectId":"-1"},{"fields":[],"objectId":"6436522","subObjectId":"-1"},{"fields":[],"objectId":"6436523","subObjectId":"-1"},{"fields":[],"objectId":"6436524","subObjectId":"-1"},{"fields":[],"objectId":"6436526","subObjectId":"-1"},{"fields":[],"objectId":"6436527","subObjectId":"-1"},{"fields":[],"objectId":"6436539","subObjectId":"-1"}],"type":"FieldLabel"},{"rows":[{"fields":[],"objectId":"6436540","subObjectId":"-1"},{"fields":[],"objectId":"20","subObjectId":"-1"}],"type":"ViewName"},{"rows":[],"type":"CategoryName"}]},"schema":{"groups":[{"childLocalId":"6436517","vtComponentLocalId":"6436950"},{"childLocalId":"6436518","vtComponentLocalId":"6436950"},{"childLocalId":"6436519","vtComponentLocalId":"6436950"},{"childLocalId":"6436520","vtComponentLocalId":"6436950"},{"childLocalId":"6436521","vtComponentLocalId":"6436950"}],"revision":null,"subTable":{},"table":{"fieldList":{"6436517":{"id":"6436517","label":"レコード番号","properties":{"noLabel":"false","required":"true"},"type":"RECORD_ID","var":"レコード番号"},"6436518":{"id":"6436518","label":"更新者","properties":{"noLabel":"false","required":"true"},"type":"MODIFIER","var":"更新者"},"6436519":{"id":"6436519","label":"作成者","properties":{"noLabel":"false","required":"true"},"type":"CREATOR","var":"作成者"},"6436520":{"id":"6436520","label":"更新日時","properties":{"noLabel":"false","required":"true"},"type":"MODIFIED_AT","var":"更新日時"},"6436521":{"id":"6436521","label":"作成日時","properties":{"noLabel":"false","required":"true"},"type":"CREATED_AT","var":"作成日時"},"6436522":{"id":"6436522","label":"ステータス","properties":{"noLabel":"false","required":"false"},"type":"STATUS","var":"ステータス"},"6436523":{"id":"6436523","label":"作業者","properties":{"noLabel":"false","required":"false"},"type":"STATUS_ASSIGNEE","var":"作業者"},"6436524":{"id":"6436524","label":"カテゴリー","properties":{"noLabel":"false","required":"false"},"type":"CATEGORY","var":"カテゴリー"},"6436526":{"id":"6436526","label":"予測金額","properties":{"defaultValue":null,"digit":"true","displayScale":null,"max":null,"min":null,"noLabel":"false","required":"true","roundingMode":null,"scale":null,"unique":"false","unit":"","unitPosition":"BEFORE"},"type":"DECIMAL","var":"forecast_amount"},"6436527":{"id":"6436527","label":"予測区分","properties":{"defaultValue":"","expression":"","hideExpression":"false","max":null,"min":null,"noLabel":"false","required":"true","unique":"false"},"type":"SINGLE_LINE_TEXT","var":"forecast_category"},"6436539":{"id":"6436539","label":"予測日","properties":{"defaultExpression":null,"defaultValue":null,"noLabel":"false","required":"true","unique":"false"},"type":"DATE","var":"forecast_date"},"6436950":{"id":"6436950","label":"レコード情報","properties":{"noLabel":"false","open":"false","required":"false"},"type":"GROUP","var":"レコード情報"}},"id":"1","label":"__ROOT__","properties":null,"var":"__ROOT__"}},"settingsNotesForm":{"content":null,"willBeInherited":null},"status":{"actions":[],"filters":[],"initialStateId":null,"states":[],"useStatus":"false"},"uuid":"a7119660-9450-4fe8-8334-547c0c0f9a79","views":[{"advancedMode":"false","builtinType":null,"device":null,"fields":[{"row":[{"columnWidth":null,"id":"6436527"},{"columnWidth":null,"id":"6436539"},{"columnWidth":null,"id":"6436526"}]}],"filter":{"category":null,"offset":null,"order":["DESC"],"q":null,"size":null,"sort":["f6436517"]},"html":null,"keyFieldId":null,"name":"予測結果","pager":null,"revision":null,"titleFieldId":null,"view":"6436540","viewType":"LIST"},{"advancedMode":null,"builtinType":"ALL","device":null,"fields":[{"row":[{"columnWidth":null,"id":"6436517"},{"columnWidth":null,"id":"6436526"},{"columnWidth":null,"id":"6436527"},{"columnWidth":null,"id":"6436539"}]}],"filter":{"category":null,"offset":null,"order":[],"q":null,"size":null,"sort":[]},"html":null,"keyFieldId":null,"name":"（すべて）","pager":null,"revision":null,"titleFieldId":null,"view":"20","viewType":"LIST"}]}],"description":"","iconKey":"APP64","iconMeta":null,"iconSrcAppId":"1db43d19-c69d-45fb-afb0-12f16dab5dd3","iconType":"PRESET","imagesMeta":[],"lookups":[],"name":"kintone-app-ai-hawk","references":[{"actingAppId":"1db43d19-c69d-45fb-afb0-12f16dab5dd3","filterInputFieldId":"6436982","filterMasterFieldId":"6436465","masterFieldIds":["6436465","6436466","6436467"],"query":{"category":null,"offset":null,"order":["desc"],"q":"order by f6436456 desc","size":null,"sort":["f6436456"]},"size":"5","targetAppId":"e30e18f0-2e33-447f-a0be-953c084e4fde","vtComponentLocalId":"8222459"},{"actingAppId":"1db43d19-c69d-45fb-afb0-12f16dab5dd3","filterInputFieldId":"6436982","filterMasterFieldId":"6436527","masterFieldIds":["6436527","6436539","6436526"],"query":{"category":null,"offset":null,"order":["desc"],"q":"order by f6436517 desc","size":null,"sort":["f6436517"]},"size":"5","targetAppId":"a7119660-9450-4fe8-8334-547c0c0f9a79","vtComponentLocalId":"8222462"}],"version":"41"}